protein,contrast,log2FC,percentControl,Pvalue,Tstatistic,SE,DF,isSingular
A2A432,Mutant-Control,0.0053611409457881,1.00372297284165,0.837883757566686,0.20617513064932,0.0260028497564373,34.000072262137,FALSE
A2A4P0,Mutant-Control,0.0194987586594637,1.01360725696049,0.818395178664303,0.231394637446582,0.0842662512607496,34.000012240858,FALSE
A2A559,Mutant-Control,0.0313765196871954,1.02198676965735,0.534662059526088,0.6584864640827,0.0476494527961242,5.99998783263123,FALSE
A2A5R2,Mutant-Control,-0.00157678179467258,0.998907655188083,0.926736499171403,-0.0926359291517307,0.0170212768319075,34.0001413435853,FALSE
A2A5Z6,Mutant-Control,-0.0526844719401183,0.964140649363778,0.532847275997196,-0.630090822294701,0.0836140919308251,34.0000095609374,FALSE
A2A690,Mutant-Control,-0.018489558331912,0.987265789795838,0.256282555267534,-1.15465705901196,0.0160130301786172,33.997966078517,FALSE
A2A699,Mutant-Control,-0.0185608184356063,0.98721702625046,0.401715155172505,-0.849190719805555,0.0218570669729602,33.9990391497153,FALSE
A2A6A1,Mutant-Control,-0.0932082910723446,0.937435743117173,0.190685200137017,-1.33519065196855,0.0698089751713902,34.0000032507224,FALSE
A2A6Q5,Mutant-Control,0.12765236952455,1.09251445609948,0.182690746490506,1.36028547214798,0.0938423383460665,34.0000080200289,FALSE
A2A6T1,Mutant-Control,-0.0539748515878742,0.963278685315291,0.365762782725879,-0.916688227277865,0.0588802713744391,34.0000146366824,FALSE
A2A7S8,Mutant-Control,-0.00219269300378677,0.998481295427325,0.976803644078072,-0.0292911557115466,0.0748585349577862,34.0000114011829,FALSE
A2A891,Mutant-Control,-0.0601488453353936,0.95916515549698,0.133518707586379,-1.53712215592375,0.0391308167041849,33.9995861797294,FALSE
A2A8L5,Mutant-Control,0.148863820988095,1.10869598652336,0.00980889844090209,2.73617702213071,0.0544057711851451,34.0000105861441,FALSE
A2A8U2,Mutant-Control,0.0172897000390142,1.01205640637305,0.747831220022312,0.325972553491475,0.0530403552502354,20.0000102662404,FALSE
A2A8Z1,Mutant-Control,-0.0715353786749011,0.951624698636554,0.0759518502821118,-1.83050507249854,0.0390795850553199,34.0000412387336,FALSE
A2A9C3,Mutant-Control,0.0491178658690252,1.03463210584837,0.056264245216731,1.97642592165197,0.0248518628150609,34.0003082340135,FALSE
A2A9Q0,Mutant-Control,-0.0023226475959115,0.998391358620255,0.97121851198945,-0.0363466582363015,0.0639026449367424,34.0000171377393,FALSE
A2A9T0,Mutant-Control,-0.283353985614732,0.821678552115097,0.0021414726864748,-5.13739024069202,0.0551552388156839,5.9999997211886,FALSE
A2AAE1,Mutant-Control,0.0064194705977787,1.00445955228408,0.82176485875327,0.227023674149299,0.0282766571452677,34.0001354554,FALSE
A2AAX3,Mutant-Control,-0.00748498318552437,0.994825240446784,0.957128928041284,-0.0544347104504842,0.137503866991871,19.9997655558866,FALSE
A2AAY5,Mutant-Control,0.0941975365361172,1.06747148825112,0.0460143848797692,2.07103580752356,0.0454832969057902,34.0000229608102,FALSE
A2AB59,Mutant-Control,-0.114858796415653,0.92347269107258,0.00555642739864851,-2.96105268949979,0.0387898522788719,34.0000440056268,FALSE
A2ABV5,Mutant-Control,-0.133801826475203,0.91142646869561,0.0882221340694191,-1.75526248618286,0.0762289557991862,33.9999728880987,FALSE
A2ACP1,Mutant-Control,-0.114882350742247,0.923457614012506,0.0555702312103572,-1.98233563738245,0.0579530270130951,34.0000199607671,FALSE
A2ADY9,Mutant-Control,0.0581432601817129,1.04112497666855,0.239012300646771,1.19849346230602,0.0485136231530538,34.0000237463207,FALSE
A2AEV7,Mutant-Control,-0.0209012130640716,0.985616823642941,0.752133267871,-0.330673452398406,0.0632080165869776,5.9999883389426,FALSE
A2AF47,Mutant-Control,0.0255694240227484,1.01788136516355,0.525219652360355,0.641935739541182,0.0398317502013892,34.0000359491748,FALSE
A2AFR3,Mutant-Control,0.000433732826137678,1.00030068588249,0.989534624867813,0.0132135838374756,0.032824768168311,34.0000584885,FALSE
A2AFS3,Mutant-Control,-0.013565277821864,0.990641333401898,0.751045349174458,-0.319841947351201,0.0424124413142367,33.9999884336813,FALSE
A2AG50,Mutant-Control,-0.120875132733119,0.91962963793433,0.000783874882629851,-3.68805817557231,0.0327747359121745,33.9999692098803,FALSE
A2AGB2,Mutant-Control,0.0283999160078849,1.01988035531871,0.694779977026966,0.395725329515622,0.0717667379104773,34.0000129661805,FALSE
A2AGH6,Mutant-Control,-0.0824416694736629,0.944457858563128,0.453642354288924,-0.758052145737878,0.108754615282324,34.0000080697262,FALSE
A2AGL3,Mutant-Control,-0.0347951477820994,0.97617036003741,0.349004659256946,-0.949624744137883,0.0366409447488525,34.0000722600207,FALSE
A2AGT5,Mutant-Control,-0.0276403847258209,0.981023509627363,0.648967143422674,-0.459264540925459,0.0601840165367939,34.000027864238,FALSE
A2AHC3,Mutant-Control,-0.00130486888151449,0.999095942720029,0.943383297061547,-0.0715448962378452,0.0182384621423806,33.9998379133368,FALSE
A2AHG0,Mutant-Control,-0.0715252595201159,0.951631373416131,0.0137552498180068,-2.59820604275561,0.027528709556944,33.9998989563955,FALSE
A2AHL1,Mutant-Control,0.144529576569811,1.10537016354521,0.000106244320784817,4.38440252491758,0.0329644862095612,34.0000544252953,FALSE
A2AI08,Mutant-Control,0.0147231974489941,1.0102575949104,0.777358596238911,0.286610521419987,0.0513700522090022,20.0000150894624,FALSE
A2AIG8,Mutant-Control,-0.135476688858789,0.910368983833994,0.0674518869048216,-1.88895738748734,0.0717203520609842,34.0000106451143,FALSE
A2AIV2,Mutant-Control,-0.0467059036523718,0.968144364996704,0.328433224277641,-0.991525797455901,0.0471050816551741,34.000265348751,FALSE
A2AIV8,Mutant-Control,0.0222502131919211,1.01554221572278,0.887786472432117,0.147212466475472,0.151143539162347,6.00000078603405,FALSE
A2AJ15,Mutant-Control,-0.154289812964708,0.898574600082506,0.00990924540814994,-2.84944334647665,0.0541473523786631,20.0000164221112,FALSE
A2AJ88,Mutant-Control,-0.0481607949126657,0.967168528282797,0.291021139013679,-1.07256347599436,0.0449025125231086,34.000033525536,FALSE
A2AJA9,Mutant-Control,-0.0746424141617839,0.949577453687196,0.0217128686664481,-2.40599173705804,0.0310235538269363,34.0000213026379,FALSE
A2AJI0,Mutant-Control,-0.00532048762310211,0.996318910886178,0.849542254865276,-0.191153517905182,0.0278335846570254,34.0000256925304,FALSE
A2AJK6,Mutant-Control,0.280819663881905,1.2148849224398,0.525523001842942,0.756084905899354,0.371412868701397,2.09094110446524,FALSE
A2AJL3,Mutant-Control,-0.192450036959583,0.875118301090421,0.0216226142702266,-2.40778022344678,0.0799284067065255,34.0000096352168,FALSE
A2AJQ3,Mutant-Control,-0.0446598022278213,0.969518409332456,0.627304537132244,-0.493111484597587,0.0905673536771645,20.0000054083373,FALSE
A2AJT4,Mutant-Control,-0.0449442398794631,0.96932728068172,0.285470920447779,-1.08519327194818,0.0414158851158169,34.0000326159305,FALSE
A2AKB4,Mutant-Control,0.0325313798799876,1.02280518541343,0.852778630735145,0.187429861814807,0.173565618439876,26.0000027651355,TRUE
A2AKB9,Mutant-Control,0.0634837523980592,1.04498610009737,0.337955268492041,0.97191836607752,0.0653179882321472,34.0000111349605,FALSE
A2AKG8,Mutant-Control,0.0347931702014961,1.02440994951762,0.248787811409444,1.17340653493529,0.0296514201733288,33.9994485786592,FALSE
A2AKQ0,Mutant-Control,0.0854203394722912,1.06099682531858,0.321518613101887,1.01652730863253,0.0840315245314969,20.0000084817885,FALSE
A2AKX3,Mutant-Control,0.100331837144136,1.07202001162698,0.180006594433703,1.36976713177757,0.0732473679770177,33.0072338204749,FALSE
A2ALI5,Mutant-Control,-0.156098136185008,0.897449001579071,0.0018531361888234,-5.28693679146616,0.0295252510748704,5.99970856922205,FALSE
A2ALK8,Mutant-Control,-0.123417641213704,0.918010371919114,0.00261643313999822,-3.24804698362773,0.0379974925965694,34.0000155542598,FALSE
A2ALS5,Mutant-Control,0.0526773308082928,1.03718793603064,0.0495756699440583,2.03624253056649,0.0258698706158729,34.0000935664984,FALSE
A2ALU4,Mutant-Control,0.133405811853518,1.09688008368132,0.00134154724775264,3.49436181301898,0.0381774466961281,34.0000334988965,FALSE
A2AN08,Mutant-Control,0.0115646004818464,1.00804818412528,0.446007690823824,0.771039916748571,0.0149987052948096,34.0069214217855,FALSE
A2ANU3,Mutant-Control,-0.120058745042403,0.920150182303105,0.0170764166028224,-2.50805626685683,0.0478692390712845,33.9999662248042,FALSE
A2AP18,Mutant-Control,0.0455076571954978,1.03204627304797,0.0356008396686106,2.18848560111767,0.0207941314177515,34.0001130134042,FALSE
A2APV2,Mutant-Control,-0.0193352285018387,0.986687249942496,0.489694333957067,-0.698371474304626,0.0276861659063193,34.000076794692,FALSE
A2APX8,Mutant-Control,0.00343362176397832,1.00238283970552,0.94814976475733,0.065512358003166,0.0524118176880824,34.0000700020282,FALSE
A2APY7,Mutant-Control,-0.00210244283283423,0.99854375902753,0.990797149931863,-0.0116194407751744,0.180941826161395,34.0000008101894,FALSE
A2AQ07,Mutant-Control,0.0312748198997039,1.02191472936396,0.886543151854884,0.145127040393302,0.215499605138694,14.9964140340351,FALSE
A2AQ19,Mutant-Control,0.0701654506335014,1.04983707375716,0.239981468713363,1.19597296003933,0.0586680911508184,34.0000127851207,FALSE
A2AQ25,Mutant-Control,0.0110033753072054,1.00765611790456,0.699949659405842,0.388661771394058,0.0283109276936045,34.0001081427677,FALSE
A2AQP0,Mutant-Control,0.554735984784448,1.4688997979576,0.000280042035728718,103.76624915729,0.0053460155810737,1.72645482885535,FALSE
A2AR02,Mutant-Control,-0.0393947639063681,0.973063078974034,0.256888317386732,-1.15315777796232,0.0341625098136876,34.0001780311578,FALSE
A2AR50,Mutant-Control,0.0278164571639268,1.01946797578951,0.54215399798306,0.615759055963584,0.0451742558952667,34.0000267428916,FALSE
A2ARP1,Mutant-Control,0.0621965489290508,1.04405415689001,0.0949615544528207,1.71762621590521,0.0362107589841789,34.0000490588181,FALSE
A2ARS0,Mutant-Control,-0.129266917817553,0.91429591691615,0.00384290729326076,-3.10294990392554,0.0416593634508948,34.0000566546098,FALSE
A2ARV4,Mutant-Control,0.0397790754956215,1.02795640035248,0.502472084806279,0.682952416132188,0.058245749712557,20.0000057367318,FALSE
A2ARZ3,Mutant-Control,0.00325092141010686,1.00225590774913,0.961541450418144,0.0485759726779569,0.0669244737858246,34.0000287681688,FALSE
A2ASQ1,Mutant-Control,0.0359075388876224,1.02520153147876,0.291273548537279,1.07199314009655,0.0334960528612976,34.0000528972416,FALSE
A2ASZ8,Mutant-Control,-0.131148214889834,0.913104437652572,0.254727187654954,-1.15851396038282,0.113203827812742,34.0000075257246,FALSE
A2AWA9,Mutant-Control,0.0592233242871982,1.04190469983089,0.0163730628752131,2.52571211073641,0.0234481689482539,34.000118123113,FALSE
A2AWP8,Mutant-Control,-9.13791156040844e-05,0.99993666282954,0.997471279290513,-0.0031926729889874,0.028621508033952,34.0000765585123,FALSE
A2BDX3,Mutant-Control,-0.0571818617737101,0.961139762380342,0.000829652430384534,-3.66775804080672,0.0155904127637419,34.0002715285952,FALSE
A2BE28,Mutant-Control,0.0169254621124546,1.01180092424656,0.807070689075399,0.24611799934881,0.068769704602007,34.0000348825353,FALSE
A2CG49,Mutant-Control,-0.0516325665924944,0.964843884974823,0.0408529931052072,-2.12592530699748,0.0242871028547173,34.0000905216437,FALSE
A2RSJ4,Mutant-Control,0.0985325574453126,1.07068385846742,0.0285865429443093,2.28633926639002,0.0430962101267188,34.0000385813278,FALSE
A2RSQ0,Mutant-Control,-0.034194354627366,0.976576959204982,0.226475839458518,-1.23179896903852,0.027759687649403,34.000096798485,FALSE
A2RSX7,Mutant-Control,-0.0224760177565848,0.984541539456333,0.624422951457952,-0.494085493877539,0.0454901389235192,34.0000492644867,FALSE
A2RSY1,Mutant-Control,0.0635557839853487,1.04503827597965,0.511528488752272,0.663430404051555,0.0957987207056157,34.0000070205265,FALSE
A2RSY6,Mutant-Control,-0.0836491967902617,0.943667683587963,0.410977293363152,-0.83242655292365,0.100488381222906,33.9999976290549,FALSE
A2RT62,Mutant-Control,-0.093561093164678,0.937206527068993,0.00614924550352592,-2.92152174608809,0.0320247806780682,34.0000901378148,FALSE
A2RTL5,Mutant-Control,0.0151902946026619,1.01058473601291,0.731684577023561,0.345718168411951,0.0439383752159689,34.0000419987949,FALSE
A2TJV2,Mutant-Control,-0.118571001965473,0.921099553523974,0.135234348080811,-1.5337772416249,0.077306533665774,30.9808622054657,FALSE
A3KFM7,Mutant-Control,0.0886786976904981,1.06339581785998,0.0483694397935599,2.10255756099881,0.0421765850007796,20.0000174427104,FALSE
A3KFX0,Mutant-Control,-0.0474259846456295,0.967661263311615,0.284192160113652,-1.08812765996127,0.0435849453981508,34.0000323114691,FALSE
A3KGB4,Mutant-Control,0.0467165966888281,1.03291146241288,0.251925890393916,1.16550596350259,0.0400826749512589,34.0000414855647,FALSE
A3KGF9,Mutant-Control,0.119750896010833,1.08654723685887,0.0143456771860809,2.58080950127129,0.0464005173383951,33.9999980496112,FALSE
A3KGS3,Mutant-Control,-0.0302565558287284,0.979246141831205,0.623487911640935,-0.495423954026717,0.0610720486621783,34.0000170657078,FALSE
A3KMP2,Mutant-Control,0.0383185687859795,1.02691627926151,0.422211424923549,0.812404828289902,0.0471668402890212,34.0000299914756,FALSE
A4Q9F0,Mutant-Control,-0.0737776221941893,0.95014682774182,0.0519775604258329,-2.01399398175733,0.0366324938716122,33.9999516709831,FALSE
A6H5Y3,Mutant-Control,-0.0494412790197778,0.966310485205255,0.2247087642494,-1.23660296600062,0.0399815303530114,34.0000371174899,FALSE
A6H5Z3,Mutant-Control,-0.0123603083901322,0.991469083638891,0.565388258673867,-0.580525793878537,0.0212915748455415,34.0001488788498,FALSE
A6H603,Mutant-Control,0.292589931106667,1.22483713704462,0.0491441769193628,2.45962951180263,0.118956911885576,5.99999893145814,FALSE
A6H611,Mutant-Control,-0.0744745222831273,0.949687966037342,0.281848658459559,-1.09352976076628,0.0681047054731643,33.9998244305189,FALSE
A6H619,Mutant-Control,-0.101016482109208,0.932375834422599,0.366565018733063,-0.915136557491382,0.110384052830454,34.0000024681118,FALSE
A6H630,Mutant-Control,-0.0917418057032489,0.938389121830138,0.0139159758902225,-2.59340250300992,0.0353750740954297,34.0000936190325,FALSE
A6H687,Mutant-Control,-0.115727368454804,0.922916883274063,0.00526784702803131,-2.981756315557,0.038811812974457,34.0001059937159,FALSE
A6H6A9,Mutant-Control,0.0572141249075582,1.04045467942527,0.0365242834219512,2.17691625282145,0.0262821892359912,34.0000944460193,FALSE
A6H8H2,Mutant-Control,-0.0496826202002616,0.966148849515531,0.635933050898259,-0.477682403347257,0.104007641588054,34.000005091052,FALSE
A6H8H5,Mutant-Control,-0.0147025399923484,0.9898607283908,0.741963132527638,-0.331952145671398,0.044291143118269,34.0000297007453,FALSE
A6X8Z5,Mutant-Control,-0.0239970633495146,0.98350407597725,0.823442582804757,-0.226068324480635,0.106149605012754,20.000007164986,FALSE
A6X919,Mutant-Control,0.053854373596149,1.0380344855022,0.182138274041692,1.36205077625316,0.0395391820445167,34.0000672129068,FALSE
A6X935,Mutant-Control,0.0277288893108834,1.01940609860126,0.708468668736866,0.377064927703792,0.0735387655376586,34.0000112494533,FALSE
A7E1Z1,Mutant-Control,-0.200506733924903,0.870244843772938,0.147784458504194,-1.66097389162244,0.12071636702793,6.00001175365263,FALSE
A8C756,Mutant-Control,-0.0784220421672437,0.947092970013537,0.184608359321812,-1.35418986695143,0.0579106697525275,34.0000190535276,FALSE
A8Y5H7,Mutant-Control,-0.0872403067269572,0.941321657481859,0.00555785973003642,-2.96095234324165,0.0294635970504836,34.000067067877,FALSE
A9Z1V5,Mutant-Control,-0.267717040729401,0.830632922161253,0.00612354567070859,-3.06406124186606,0.0873732669149776,20.0000003603754,FALSE
B0F2B4,Mutant-Control,-0.183264233316037,0.880708055403629,5.37410886444697e-06,-5.38849390850446,0.0340102886683788,33.999967366595,FALSE
B0V2N1,Mutant-Control,-0.0406631464689298,0.972207961420346,0.204833828622125,-1.29269130785469,0.03145619238085,34.0000868821416,FALSE
B1AR13,Mutant-Control,-0.00128996185493158,0.9991062661954,0.972791390970163,-0.0343595226032517,0.0375430668762987,33.9999761909034,FALSE
B1AS29,Mutant-Control,-0.00262198405838809,0.998184229651701,0.954830065145783,-0.0570617166481792,0.0459499680767448,34.0000245198053,FALSE
B1AT66,Mutant-Control,-0.0285705931635833,0.980391177645505,0.712288917838395,-0.371984428598096,0.076805884781946,32.9113417605628,FALSE
B1ATG9,Mutant-Control,-0.0226304900341479,0.984436128244715,0.896176544427112,-0.131567550356972,0.172006623006557,31.0000029154114,TRUE
B1AUE5,Mutant-Control,0.0129967764914438,1.00904937925667,0.681809692299556,0.416041998817488,0.031239097322829,19.9999784156437,FALSE
B1AUH1,Mutant-Control,-0.0192941171035939,0.986715367229444,0.864554539789948,-0.1718752692765,0.112256505457774,34.0000024071074,FALSE
B1AVY7,Mutant-Control,0.0494176560127135,1.03484712338696,0.551778824903792,0.601071611856316,0.0822159207620783,34.0000092676645,FALSE
B1AVZ0,Mutant-Control,-0.00178855363470554,0.998761037239722,0.957771048408041,-0.0533427029463251,0.033529490181726,34.0007723128943,FALSE
B1AWN6,Mutant-Control,-0.00299865529539289,0.997923649141503,0.91591982511793,-0.106362526402606,0.0281927798898112,33.9998894328236,FALSE
B1AXH1,Mutant-Control,-0.0687600703179756,0.953457098295289,0.0743082112922582,-1.84135574996159,0.0373420890120825,34.0000583958562,FALSE
B1AXV0,Mutant-Control,-0.0434779750001475,0.970312945016883,0.259748760285519,-1.14611859190249,0.0379349705234051,34.0000849439324,FALSE
B1AY10,Mutant-Control,0.0850344767118445,1.06071308938809,0.0282222868808371,2.29198970269237,0.037100723712657,34.0000610470708,FALSE
B1AY13,Mutant-Control,0.00693865443941899,1.0048210930129,0.683161600359249,0.411674746356768,0.0168547002234763,34.0001785420048,FALSE
B1AZA5,Mutant-Control,0.117187302719103,1.08461821389751,0.00370531393973993,3.11682993852834,0.0375982344338089,34.0001099087308,FALSE
B1AZI6,Mutant-Control,-0.10167197685374,0.931952301645534,0.0771087860080485,-1.82298656961698,0.0557722029049843,34.0001712148255,FALSE
B1AZP2,Mutant-Control,0.0585392771306239,1.04141080265282,0.0370144826826524,2.17088024171916,0.0269656870082643,34.0000629322001,FALSE
B2B9E1,Mutant-Control,0.0598963637762164,1.04239087783988,0.36082813097187,0.92628197657923,0.0646632076308064,34.0000195331375,FALSE
B2RPU2,Mutant-Control,-0.178472613071246,0.883638012298815,7.6010409119841e-07,-6.04184892898895,0.0295394034456786,33.9992509128208,FALSE
B2RQC6,Mutant-Control,0.0139863781643967,1.00974176363362,0.376744695098605,0.895635700074934,0.0156161463452457,34.0004978130503,FALSE
B2RQR8,Mutant-Control,-0.179046150235099,0.883286795651836,0.0012443047390524,-3.52170440142694,0.0508407662387996,34.0000268160974,FALSE
B2RR83,Mutant-Control,-0.0277327292335059,0.980960717955393,0.161055210991543,-1.43276849443137,0.0193560434510478,34.0002700019384,FALSE
B2RRE7,Mutant-Control,-0.00708790493886813,0.995099087530106,0.817359415573577,-0.232739079921768,0.0304542964647392,34.0000098045986,FALSE
B2RS91,Mutant-Control,-0.0928757988044149,0.937651815154016,0.599434558044413,-0.533695051118214,0.174024095988559,20.0000016720188,FALSE
B2RSH2,Mutant-Control,-0.00628060072038927,0.995656081544248,0.922873843206199,-0.0975355251941782,0.0643929553656021,34.00001970755,FALSE
B2RUJ5,Mutant-Control,-0.0412964267329725,0.971781298134992,0.433599006987342,-0.792439794781002,0.0521130147740563,34.0000200341562,FALSE
B2RUR8,Mutant-Control,-0.00839251464845692,0.994199639558004,0.832074783339866,-0.213677490670092,0.0392765500106634,34.0000396564365,FALSE
B2RVL6,Mutant-Control,0.0455126857373669,1.03204987027177,0.225050111058916,1.23567288187644,0.0368323092663919,33.9999048622645,FALSE
B2RWJ3,Mutant-Control,-0.0742236870055706,0.949853098617506,0.591027842420407,-0.546114365836103,0.135912350322325,20.0000026008199,FALSE
B2RWS6,Mutant-Control,-0.179999523209169,0.88270328801188,0.135612171851057,-1.72326017971425,0.104452899990422,5.99999879702993,FALSE
B2RX12,Mutant-Control,0.0603676581680386,1.04273145794397,0.445181792510106,0.778857689188995,0.0775079440133639,20.0000165625264,FALSE
B2RX14,Mutant-Control,-0.074954050183293,0.949372357965205,0.249402878354927,-1.17185208906673,0.0639620399900359,33.999929664523,FALSE
B2RXA1,Mutant-Control,0.0370611622463501,1.02602164202665,0.340758337962981,0.966217239219952,0.0383569664688144,34.0000672269356,FALSE
B2RXC1,Mutant-Control,-0.0167650394715428,0.988446619011089,0.406092564379054,-0.841237892306135,0.0199290113116325,33.9999714394307,FALSE
B2RXR6,Mutant-Control,0.0543824598484397,1.0384145187488,0.472102830680644,0.727164452775623,0.0747870163906654,34.0000123688848,FALSE
B2RXS4,Mutant-Control,0.0493366377330355,1.03478901049604,0.0230105689111956,2.38099673308223,0.0207210018592376,34.0000562271374,FALSE
B2RXV4,Mutant-Control,-0.00432008813685147,0.997010022002515,0.956954714424114,-0.056268742229639,0.0767759854880123,6.00000063003595,FALSE
B2RY04,Mutant-Control,-0.0327711465770717,0.977540820537762,0.455381517469467,-0.755111224549356,0.0433990987177144,34.0000338576129,FALSE
B2RY56,Mutant-Control,-0.0106063516533919,0.992675195359502,0.813597052404111,-0.237626375236983,0.044634572415685,33.9998416762275,FALSE
B5TVM2,Mutant-Control,-0.0254337076848401,0.982525184220402,0.608490617610116,-0.51701829414218,0.0491930517217749,34.0000148450682,FALSE
B7ZMP1,Mutant-Control,-0.0589624719545148,0.959954231484147,0.613555257570794,-0.513023365182222,0.114931357821435,20.0000031778547,FALSE
B9EHT4,Mutant-Control,0.0405800548290713,1.02852727667626,0.254073409859018,1.160140737731,0.0349785620910423,34.0000528919529,FALSE
B9EJ80,Mutant-Control,0.0482176832827399,1.03398673917393,0.113568769069534,1.62420260930229,0.0296869879450894,34.000013629771,FALSE
B9EJ86,Mutant-Control,0.0486211415272475,1.03427594014873,0.160480691655124,1.43479510694081,0.0338871670889058,34.0000507294186,FALSE
B9EJA2,Mutant-Control,-0.0444562405994775,0.969655216255965,0.0359989701301413,-2.18346349448086,0.0203604231130264,34.0007676228777,FALSE
B9EJI9,Mutant-Control,0.000903318847087498,1.00062632897414,0.985065699758895,0.0188566347695018,0.0479045629365692,34.0000280292043,FALSE
B9EKI3,Mutant-Control,-0.175355903235869,0.885549033118969,0.0181213494092395,-2.48301779550192,0.0706220887959535,34.0000026178005,FALSE
B9EKR1,Mutant-Control,-0.0161722117719636,0.988852871843055,0.391899946747794,-0.867221876818601,0.0186482977473899,34.0001980949589,FALSE
C0HK79,Mutant-Control,0.105327453667494,1.07573852698154,0.0617108782090059,1.93212927159872,0.0545136680116345,34.000038630987,FALSE
C0HKD9,Mutant-Control,0.0750151368294816,1.05337208793019,0.52077984555913,0.648872621716552,0.115608417305439,34.0000026063963,FALSE
C0HKG6,Mutant-Control,0.0188827408851955,1.01317454818899,0.726746891386005,0.352354999467021,0.0535901034858535,34.0000225092207,FALSE
C8YR32,Mutant-Control,-0.154263428715618,0.898591033515903,0.00983340832055534,-2.73517097553565,0.0563999216485571,34.0000156079801,FALSE
D3YUB6,Mutant-Control,-0.100377580748369,0.93278883099834,0.0385302763197107,-2.2150104981092,0.0453169774292513,19.999977226061,FALSE
D3YV10,Mutant-Control,0.134886233076436,1.09800622465205,0.289072514520057,1.16277443013429,0.116003783348468,6.0000011212272,FALSE
D3YVE8,Mutant-Control,-0.102657804417552,0.931315694176348,0.0010588471652572,-3.58010311708085,0.0286745384309649,34.0000813497515,FALSE
D3YVF0,Mutant-Control,0.0478374394660373,1.03371425244249,0.186740558526939,1.34746932175511,0.0355016909800424,34.0000608534525,FALSE
D3YXK2,Mutant-Control,0.085708656877884,1.0612088828999,0.0360979835449181,2.18222317439014,0.0392758439575442,34.0005616114163,FALSE
D3YZG8,Mutant-Control,-0.178525875848708,0.883605389918694,0.126131980010585,-1.59616789303216,0.111846552375872,20.0000051349585,FALSE
D3YZI9,Mutant-Control,0.065372284123109,1.04635491442677,0.0539576216936949,1.99631802932946,0.0327464277548337,34.0000579510827,FALSE
D3YZP9,Mutant-Control,0.0506702579324641,1.0357460066205,0.136442781754832,1.52526274003485,0.0332206751023802,34.0000537671757,FALSE
D3YZU1,Mutant-Control,-0.152663250383944,0.899588266879994,0.000821929941034524,-3.67110708461952,0.0415850714416756,34.0000501519374,FALSE
D3YZV8,Mutant-Control,-0.102600554025327,0.931352652261869,0.645027200967091,-0.467739853845897,0.219353884818055,20.0000008188044,FALSE
D3Z1Q2,Mutant-Control,-0.0474872500918284,0.967620171508688,0.284315868970034,-1.10018988262055,0.043162776573366,20.0000279861425,FALSE
D3Z291,Mutant-Control,0.931770444796923,1.90761554566448,0.388035334812717,0.898751232874324,1.03673898929407,10.9999998043793,TRUE
D3Z4S3,Mutant-Control,0.0832794042341893,1.05942349151825,0.239827110985755,1.19637389410759,0.0696098474267609,34.0000136371249,FALSE
D3Z6Q9,Mutant-Control,0.096509478807608,1.06918350007272,0.290602186925998,1.07351088517852,0.0899007920087914,34.0000177770393,FALSE
D3Z7P3,Mutant-Control,0.00225003974943228,1.00156082553064,0.968116869235847,0.0402656358122016,0.0558799011625305,34.0001187771353,FALSE
E0CZ16,Mutant-Control,0.0962934564148785,1.06902341753257,0.0717762358705211,1.90124909636038,0.0506474699181797,20.0000267421338,FALSE
E1U8D0,Mutant-Control,0.0718211148606365,1.05104257831811,0.032444588586505,2.23015934193412,0.0322044768327402,34.0002375000037,FALSE
E9PUL5,Mutant-Control,-0.193801026213944,0.87429919379564,0.000562842404705138,-3.80582522872993,0.0509222086056271,33.9998623088567,FALSE
E9PV24,Mutant-Control,0.525069701522141,1.43900310148334,4.77165958210139e-09,7.77609009298985,0.0675236134410906,34.0000238975684,FALSE
E9PV86,Mutant-Control,0.0927481097367364,1.0663995743827,0.00394025085464955,3.09341093897704,0.0299824729291891,34.0001904361535,FALSE
E9PVA8,Mutant-Control,0.0202940514562506,1.01416616702501,0.217492429550278,1.25650021904964,0.0161512518251689,34.0276957186841,FALSE
E9PVB5,Mutant-Control,-0.017199273748683,0.988149152947427,0.911256871574329,-0.112872547336788,0.152377829281765,20.0000019852998,FALSE
E9PVD3,Mutant-Control,0.00309185715674154,1.00214541017697,0.962451618938034,0.0474254647380568,0.0651940297015258,34.0000151957863,FALSE
E9PVX6,Mutant-Control,0.0584649117462126,1.04135712331206,0.712470415999738,0.373821761992064,0.156397828298326,20.0000028310068,FALSE
E9PXF8,Mutant-Control,-0.0428848418924854,0.970711950378171,0.0528247131280403,-2.00636043584129,0.0213744455514562,34.0001524037155,FALSE
E9PY46,Mutant-Control,0.0575507441365941,1.04069747357449,0.124836398157205,1.57361808124682,0.0365722438134387,34.000025813509,FALSE
E9PYI1,Mutant-Control,0.206967122004652,1.15425911247171,0.304687045500975,1.2270554663186,0.168669736361301,3.10311162153083,FALSE
E9PYK3,Mutant-Control,-0.103320223248944,0.930888175243253,0.0755509247237008,-1.83313327043255,0.056362635993489,34.0000211848659,FALSE
E9PZ19,Mutant-Control,-0.0401200640190451,0.972574004455122,0.625987276385689,-0.491848269756334,0.0815700013317541,34.0000672955114,FALSE
E9PZJ8,Mutant-Control,0.005567865340252,1.00386680704399,0.853603809092713,0.18593092996378,0.0299458801251445,33.9994850624679,FALSE
E9PZM4,Mutant-Control,0.0707759130150478,1.05028139610775,0.423570236030833,0.810005427764051,0.0873770848800588,34.0000085159576,FALSE
E9PZQ0,Mutant-Control,0.0642658279097264,1.04555273377316,0.52791505007915,0.642391221137137,0.100041572479719,20.0000049090324,FALSE
E9Q1P8,Mutant-Control,-0.0864394907721886,0.941844314479479,0.149371658252181,-1.47515586811444,0.058596852468666,34.000029102156,FALSE
E9Q1U1,Mutant-Control,-0.0152629484761855,0.989476296055661,0.861960912835229,-0.181487296381174,0.0840992663427472,6.00000171386598,FALSE
E9Q2M9,Mutant-Control,0.104235631420282,1.07492472302298,0.0860597293243037,1.8055815175914,0.0577296734623925,20.0000140467786,FALSE
E9Q309,Mutant-Control,0.0677263395615153,1.04806365265088,0.372527275836225,0.903673043739361,0.0749456233432244,34.000010717812,FALSE
E9Q349,Mutant-Control,0.018712944321968,1.01305531063144,0.850869752910747,0.189445953015905,0.0987772186423899,33.9999987321943,FALSE
E9Q394,Mutant-Control,0.0749605665016029,1.05333224460124,0.0879309604540112,1.75694222985396,0.0426653564516084,34.0000343509353,FALSE
E9Q3C1,Mutant-Control,0.0215856467065549,1.01507452166195,0.73633711793097,0.339478876305075,0.0635846534591355,34.0000141363154,FALSE
E9Q3L2,Mutant-Control,0.0531591549531774,1.03753438877096,0.0390550830633956,2.14649262683577,0.0247655893565968,34.0001757144955,FALSE
E9Q401,Mutant-Control,0.0348059580580777,1.02441902979114,0.174868911104375,1.38567534330294,0.0251184075882545,34.0001291717933,FALSE
E9Q4F7,Mutant-Control,-0.0317318820273282,0.978245258757063,0.754602485897712,-0.316901562246862,0.100131668024437,20.0000053591482,FALSE
E9Q4N7,Mutant-Control,-0.01098722658636,0.992413161329797,0.926238654183067,-0.0932672931381638,0.117803639589752,34.000015272369,FALSE
E9Q4P1,Mutant-Control,-0.0393790520930191,0.973073676271655,0.926138788238186,-0.0932901293865546,0.422113811525001,39.9999974801662,TRUE
E9Q4S1,Mutant-Control,0.0251625996268086,1.01759437409506,0.410055031266512,0.834085150469632,0.03016790265675,34.0000693867874,FALSE
E9Q4Z2,Mutant-Control,0.131730851920781,1.09560735171416,0.324672694629523,1.00975732021223,0.130457932103027,20.0000034583222,FALSE
E9Q555,Mutant-Control,0.131634779683076,1.0955343952387,0.000190898080559399,4.18329026826584,0.0314668051322302,34.0005690924175,FALSE
E9Q557,Mutant-Control,-0.152466845823065,0.899710742705205,0.214968922931561,-1.26360120408566,0.12066057339142,34.0000022283853,FALSE
E9Q5C9,Mutant-Control,-0.0437863040848017,0.970105594380447,0.481727547645459,-0.711337007867258,0.0615549361280702,34.000007208165,FALSE
E9Q5F9,Mutant-Control,-0.233823835595644,0.850377991561652,0.0283566118368776,-2.28989856983489,0.102111001192731,34.0000036277151,FALSE
E9Q5K9,Mutant-Control,0.0411390898247834,1.02892590156984,0.0461186242753544,2.06998211206868,0.0198741281796248,34.0009796765161,FALSE
E9Q612,Mutant-Control,0.0621121186643521,1.04399305791413,0.152340545502225,1.48803277193519,0.0417410959192621,20.0000305130382,FALSE
E9Q634,Mutant-Control,-0.105504275001143,0.929479998366589,0.0127680133895378,-2.62889397540237,0.0401325713354397,34.0000393562232,FALSE
E9Q6B2,Mutant-Control,-0.0207440560348813,0.985724195640842,0.509668611558501,-0.666374303226129,0.0311297358473349,34.0000242143567,FALSE
E9Q6J5,Mutant-Control,-0.040662027980499,0.972208715151209,0.49844087755323,-0.684272773673243,0.0594237116321629,33.9999569404876,FALSE
E9Q6P5,Mutant-Control,0.0367309071541326,1.02578679676725,0.209391165907982,1.27947913608346,0.0287077030943761,33.9999087742907,FALSE
E9Q735,Mutant-Control,-0.018782119869905,0.98706560423659,0.423026639650922,-0.810964721086802,0.0231602181716788,34.0001135579702,FALSE
E9Q784,Mutant-Control,0.0587581430753152,1.04156880323001,0.780022252152057,0.281514341037005,0.208721668881485,33.999998274271,FALSE
E9Q7D5,Mutant-Control,0.0558863106428102,1.03949751594935,0.457790719140736,0.751048170214881,0.0744110868771849,34.0000210345192,FALSE
E9Q7F2,Mutant-Control,-0.0206238103723582,0.98580635714783,0.820617251368764,-0.228511787233247,0.0902527200984474,33.9999990401853,FALSE
E9Q7G0,Mutant-Control,-0.185901482771259,0.879099589882533,0.006607550255334,-2.89334693816946,0.0642513624338716,33.9998849289478,FALSE
E9Q7P9,Mutant-Control,-0.131830837896148,0.912672496985485,0.0710360522163462,-2.19039576157821,0.0601858532638696,5.99999905459612,FALSE
E9Q7T7,Mutant-Control,0.0434338946140747,1.03056385200967,0.566795341873728,0.578415905552107,0.075091113845869,34.0000152337431,FALSE
E9Q7X7,Mutant-Control,0.074162126343964,1.05274945332786,0.030555091917526,2.25687806530673,0.0328604932113976,34.0000360169449,FALSE
E9Q8I9,Mutant-Control,0.0171001361179464,1.01192343525181,0.388927777805791,0.872737995971747,0.0195936652201172,34.0010463019978,FALSE
E9Q8T2,Mutant-Control,0.0510847640504322,1.03604363344069,0.770723658721112,0.295412759117764,0.17292673547004,20.0000014141538,FALSE
E9Q942,Mutant-Control,-0.0943522442059077,0.936692718793386,0.292770871510039,-1.06861703542859,0.0882937863404604,34.0000062709933,FALSE
E9Q9D5,Mutant-Control,6.55359146266576e-05,1.00004542706623,0.998895396206662,0.00144304891327589,0.0454148948270114,6.00000241606894,FALSE
E9Q9R9,Mutant-Control,-0.151725435426053,0.900173228754809,0.0526911923374891,-2.00755667574299,0.0755771616609032,34.0000102224917,FALSE
E9QAT4,Mutant-Control,-0.00198388348380441,0.998625821805373,0.941108739810736,-0.0744245471497464,0.0266563057456396,34.0000998522558,FALSE
F6SEU4,Mutant-Control,-0.136185186348649,0.909922017724406,0.00133226062558449,-3.49688908010518,0.0389446685979964,34.0000352551189,FALSE
F6W8I0,Mutant-Control,0.0824971454148571,1.05884920609691,0.128315442991391,1.55875379422705,0.0529250647025791,33.9999822386127,FALSE
F6ZDS4,Mutant-Control,-0.126735318194446,0.915901705489221,0.0114405120990413,-2.67381605987302,0.0473986674313209,34.0000036932388,FALSE
F7BWT7,Mutant-Control,-0.0588089404869585,0.960056395157203,0.365729510857676,-0.92551940673701,0.0635415530553745,20.0000136191784,FALSE
F8VPU2,Mutant-Control,0.0310814139679296,1.02177774190824,0.417250605756494,0.821205123828883,0.0378485387706935,34.0000451541978,FALSE
F8VQB6,Mutant-Control,0.0656942045934557,1.0465884222997,0.339704571014317,0.968356796529491,0.0678409082570579,34.0000141426245,FALSE
G3X939,Mutant-Control,-0.196269417766073,0.872804583005041,0.408834561335604,-0.887779194828365,0.221079091410808,6.00000041381533,FALSE
G3X982,Mutant-Control,0.293085778891634,1.22525818040089,0.00746391521124096,2.97626077991479,0.0984744955379971,20.0000040442217,FALSE
G3X9J0,Mutant-Control,-0.0257063020672366,0.982339555562418,0.452750402214232,-0.759562984718183,0.033843542384802,34.0000999444477,FALSE
G3X9K3,Mutant-Control,-0.0202246633056449,0.986079135622493,0.126924948780078,-1.56465429124552,0.0129259628908475,34.0005441261174,FALSE
G3XA57,Mutant-Control,-0.0366256775070895,0.974932554644914,0.292624593405265,-1.06894630146588,0.034263346490711,34.0000539306205,FALSE
G5E829,Mutant-Control,0.00997783772117966,1.00694008160523,0.734560428662266,0.341859825050402,0.0291869268923559,34.0008462449422,FALSE
G5E870,Mutant-Control,-0.0199620820514435,0.986258625711171,0.197618237787732,-1.31407234709666,0.0151910068692551,34.0031856915616,FALSE
G5E897,Mutant-Control,0.00493553447462514,1.00342691028218,0.898902510270663,0.128000732119967,0.038558642539633,33.9999812221764,FALSE
G5E8B9,Mutant-Control,-0.00901333060654252,0.993771910755786,0.876216338076442,-0.156945185981421,0.0574297997748687,33.9999780682458,FALSE
G5E8K5,Mutant-Control,0.0597258128726352,1.04226765692823,0.233697747622635,1.21245068212316,0.0492604060134204,34.0000266628959,FALSE
G5E8P0,Mutant-Control,-0.0363773068787729,0.975100410947867,0.534115725272437,-0.628129793764455,0.0579136784147103,33.9999786673458,FALSE
J3QNX5,Mutant-Control,0.0892987811082762,1.06385297326815,0.158575992855515,1.44155451107141,0.0619461702089269,34.0000163097424,FALSE
L0N7N1,Mutant-Control,0.118509527852582,1.08561271848859,0.322926505215295,1.00304125706721,0.118150202713587,34.0000067195747,FALSE
O08528,Mutant-Control,0.158356716357959,1.11601523072189,0.131881681676799,1.54385272387947,0.102572424110528,34.0000089532138,FALSE
O08529,Mutant-Control,-0.00293136513775938,0.99797019536492,0.91483543588933,-0.107739729593117,0.0272078382675526,34.000063777887,FALSE
O08530,Mutant-Control,0.0280601614211538,1.01964020184165,0.645325444463479,0.464394161861807,0.060423157148784,34.0000062318173,FALSE
O08532,Mutant-Control,0.035069342917585,1.02460606938408,0.155577480713814,1.4523264156159,0.0241470116776145,34.0005061769295,FALSE
O08539,Mutant-Control,-0.0767007864358531,0.948223605400362,0.00333127379710768,-3.15719451623547,0.0242939692316799,34.0001007079573,FALSE
O08543,Mutant-Control,0.139774292381445,1.10173273784903,0.0286222784519634,2.86476349947067,0.0487908661246458,6.00005861564871,FALSE
O08545,Mutant-Control,0.102208514656739,1.07341541735808,0.0206501879514154,2.51303488877857,0.0406713472674532,20.0000294324505,FALSE
O08547,Mutant-Control,0.0170025118278616,1.01185496273207,0.514053646669365,0.65944278740293,0.0257831492779264,34.000007369975,FALSE
O08553,Mutant-Control,-0.0355520657226931,0.975658341182019,0.132651440490837,-1.54067919452006,0.0230755798151529,34.0001067063835,FALSE
O08576,Mutant-Control,0.0648106283871721,1.04594763718477,0.100405134731306,1.68882622906294,0.0383761379778741,34.0000438686228,FALSE
O08579,Mutant-Control,0.0492956385963064,1.03475960382859,0.1124251730131,1.62956376334098,0.0302508190874586,34.000069349933,FALSE
O08581,Mutant-Control,-0.0717408318715611,0.951489188074762,0.152660648723249,-1.46296492456917,0.0490379712231912,34.0000283197546,FALSE
O08582,Mutant-Control,-0.0305883827674327,0.979020936313607,0.23010046294676,-1.222031606645,0.0250307623805336,34.0003801880053,FALSE
O08583,Mutant-Control,0.0157903841120115,1.01100517652419,0.801677900714812,0.253148463567202,0.0623759824156298,34.0000920910818,FALSE
